[
    {
        "name": "Hidden Realm: Gilded Coast",
        "type": "toggle",
        "capturable": false,
        "img": "images/open.png",
        "disabled_img": "images/closed.png",
        "disabled_img_mods": "none",
        "codes": "Gilded Coast"
    },
	{
        "name": "Hidden Realm: A Moment Whole",
        "type": "toggle",
        "capturable": false,
        "img": "images/open.png",
        "disabled_img": "images/closed.png",
        "disabled_img_mods": "none",
        "codes": "A Moment Whole"
    },
	{
        "name": "Hidden Realm: Bazaar Between Time",
        "type": "toggle",
        "capturable": false,
        "img": "images/open.png",
        "disabled_img": "images/closed.png",
        "disabled_img_mods": "none",
        "codes": "Bazaar Between Time"
    },
	{
        "name": "Hidden Realm: A Moment Fractured",
        "type": "toggle",
        "capturable": false,
        "img": "images/open.png",
        "disabled_img": "images/closed.png",
        "disabled_img_mods": "none",
        "codes": "A Moment Fractured"
    },
	{
        "name": "Hidden Realm: Bulwark's Ambry",
        "type": "toggle",
        "capturable": false,
        "img": "images/open.png",
        "disabled_img": "images/closed.png",
        "disabled_img_mods": "none",
        "codes": "Bulwark's Ambry"
    },
	{
        "name": "Commencement",
        "type": "toggle",
        "capturable": false,
        "img": "images/open.png",
        "disabled_img": "images/closed.png",
        "disabled_img_mods": "none",
        "codes": "Commencement"
    }
]