[
    {
        "name": "Dios Best Friend",
        "type": "consumable",
        "img": "images/dios.png",
        "codes": "Dios Best Friend"
    },
    {
        "name": "Common item",
        "type": "consumable",
        "img": "images/white.png",
        "codes": "Common item"
    },
	{
        "name": "Uncommon item",
        "type": "consumable",
        "img": "images/green.png",
        "codes": "Uncommon item"
    },
	{
        "name": "Legendary item",
        "type": "consumable",
        "img": "images/red.png",
        "codes": "Legendary item"
    },
	{
        "name": "Aphelian Sanctuary",
        "type": "toggle",
        "img": "images/items/toggle.png",
        "codes": "Aphelian Sanctuary"
    },
	{
        "name": "Void Fields",
        "type": "toggle",
        "img": "images/items/toggle.png",
        "codes": "Void Fields"
    },
	{
        "name": "Boss item",
        "type": "consumable",
        "img": "images/yellow.png",
        "codes": "Boss item"
    },
	{
        "name": "Lunar item",
        "type": "consumable",
        "img": "images/lunar.png",
        "codes": "Lunar item"
    },
	{
        "name": "Equipment",
        "type": "consumable",
        "img": "images/equipment.png",
        "codes": "Equipment"
    },
	{
        "name": "Item scrap, White",
        "type": "consumable",
        "img": "images/white.png",
        "codes": "Item scrap White"
    },
	{
        "name": "Item scrap, Green",
        "type": "consumable",
        "img": "images/green.png",
        "codes": "Item scrap Green"
    },
	{
        "name": "Item scrap, Red",
        "type": "consumable",
        "img": "images/red.png",
        "codes": "Item scrap Red"
    },
	{
        "name": "Item scrap, Yellow",
        "type": "consumable",
        "img": "images/yellow.png",
        "codes": "Item scrap Yellow"
    },
	{
        "name": "Void Item",
        "type": "consumable",
        "img": "images/void.png",
        "codes": "Void Item"
    },
	{
        "name": "Abandoned Aqueduct",
        "type": "toggle",
        "img": "images/items/toggle.png",
        "codes": "Abandoned Aqueduct"
    },
	{
        "name": "The Simulacrum (Aphelian Sanctuary)",
        "type": "toggle",
        "img": "images/items/toggle.png",
        "codes": "The Simulacrum (Aphelian Sanctuary)"
    },
	{
        "name": "The Simulacrum (Abyssal Depths)",
        "type": "toggle",
        "img": "images/items/toggle.png",
        "codes": "The Simulacrum (Abyssal Depths)"
    },
	{
        "name": "The Simulacrum (Rallypoint Delta)",
        "type": "toggle",
        "img": "images/items/toggle.png",
        "codes": "The Simulacrum (Rallypoint Delta)"
    },
	{
        "name": "The Simulacrum (Titanic Plains)",
        "type": "toggle",
        "img": "images/items/toggle.png",
        "codes": "The Simulacrum (Titanic Plains)"
    },
	{
        "name": "The Simulacrum (Abandoned Aqueduct)",
        "type": "toggle",
        "img": "images/items/toggle.png",
        "codes": "The Simulacrum (Abandoned Aqueduct)"
    },
	{
        "name": "The Simulacrum (Commencement)",
        "type": "toggle",
        "img": "images/items/toggle.png",
        "codes": "The Simulacrum (Commencement)"
    },
	{
        "name": "The Simulacrum (Sky Meadow)",
        "type": "toggle",
        "img": "images/items/toggle.png",
        "codes": "The Simulacrum (Sky Meadow)"
    },
	{
        "name": "Hidden Realm: A Moment, Whole",
        "type": "toggle",
        "img": "images/items/toggle.png",
        "codes": "A Moment Whole"
    },
	{
        "name": "Commencement",
        "type": "toggle",
        "img": "images/items/toggle.png",
        "codes": "Commencement"
    },
	{
        "name": "Hidden Realm: A Moment Fractured",
        "type": "toggle",
        "img": "images/items/toggle.png",
        "codes": "A Moment Fractured"
    },
	{
        "name": "Sundered Grove",
        "type": "toggle",
        "img": "images/items/toggle.png",
        "codes": "Sundered Grove"
    },
	{
        "name": "Sirens Call",
        "type": "toggle",
        "img": "images/items/toggle.png",
        "codes": "Sirens Call"
    },
	{
        "name": "Sky Meadow",
        "type": "toggle",
        "img": "images/items/toggle.png",
        "codes": "Sky Meadow"
    },
	{
        "name": "Siphoned Forest",
        "type": "toggle",
        "img": "images/items/toggle.png",
        "codes": "Siphoned Forest"
    },
	{
        "name": "Sulfur Pools",
        "type": "toggle",
        "img": "images/items/toggle.png",
        "codes": "Sulfur Pools"
    },
	{
        "name": "Void Locus",
        "type": "toggle",
        "img": "images/items/toggle.png",
        "codes": "Void Locus"
    },
	{
        "name": "The Planetarium",
        "type": "toggle",
        "img": "images/items/toggle.png",
        "codes": "The Planetarium"
    },
	{
        "name": "Scorched Acres",
        "type": "toggle",
        "img": "images/items/toggle.png",
        "codes": "Scorched Acres"
    },
	{
        "name": "Hidden Realm: Gilded Coast",
        "type": "toggle",
        "img": "images/items/toggle.png",
        "codes": "Gilded Coast"
    },
	{
        "name": "Hidden Realm: Bazaar Between Time",
        "type": "toggle",
        "img": "images/items/toggle.png",
        "codes": "Bazaar Between Time"
    },
	{
        "name": "Hidden Realm: Bulwark's Ambry",
        "type": "toggle",
        "img": "images/items/toggle.png",
        "codes": "Bulwark's Ambry"
    },
	{
        "name": "Abyssal Depths",
        "type": "toggle",
        "img": "images/items/toggle.png",
        "codes": "Abyssal Depths"
    },
	{
        "name": "Rallypoint Delta",
        "type": "toggle",
        "img": "images/items/toggle.png",
        "codes": "Rallypoint Delta"
    },
	{
        "name": "Wetland Aspect",
        "type": "toggle",
        "img": "images/items/toggle.png",
        "codes": "Wetland Aspect"
    },
	{
        "name": "Titanic Plains Aternative",
        "type": "toggle",
        "img": "images/items/toggle.png",
        "codes": "Titanic Plains (2)"
    },
	{
        "name": "Titanic Plains",
        "type": "toggle",
        "img": "images/items/toggle.png",
        "codes": "Titanic Plains"
    },
	{
        "name": "Distant Roost Alternative",
        "type": "toggle",
        "img": "images/items/toggle.png",
        "codes": "Distant Roost (2)"
    },
	{
        "name": "Distant Roost",
        "type": "toggle",
        "img": "images/Distant roost.png",
        "codes": "Distant Roost"
    },
	{
        "name": "Scorched Acres",
        "type": "toggle",
        "img": "images/items/toggle.png",
        "codes": "Scorched Acres"
    },
	{
    "name": "Explore mode",
    "type": "toggle",
    "loop": "true",
    "img": "images/Explore Mode.png",
    "codes": "exploreCheck"
	},
	{
    "name": "Classic mode",
    "type": "toggle",
    "loop": "true",
    "img": "images/Classic Mode.png",
    "codes": "classicCheck"
	},
	{
    "name": "Chest count",
    "type": "consumable",
    "loop": "true",
    "img": "images/Classic Mode.png",
    "codes": "chestCount"
	}
]